Employee_Address_Map_ID,Employee_ID,Address_ID,Created_On,Modified_On
1,17,391,3/7/20,1/1/10
2,207,163,11/30/17,11/5/07
3,258,258,2/3/20,2/27/03
4,94,285,6/30/23,6/29/11
5,198,982,9/14/19,12/5/01
6,47,439,8/13/19,11/18/08
7,76,61,10/22/02,11/1/07
8,116,316,1/9/07,2/6/03
9,284,741,6/8/01,12/10/04
10,10,827,4/1/09,7/4/20
11,250,153,5/24/06,3/15/17
12,277,988,10/16/24,5/31/06
13,123,464,3/24/10,2/19/19
14,290,682,5/28/09,5/24/23
15,23,295,7/8/08,10/3/23
16,219,893,11/28/02,3/6/20
17,291,127,10/11/12,4/18/00
18,65,830,5/5/00,2/17/23
19,150,626,12/29/18,1/28/08
20,174,449,4/13/06,1/11/01
21,125,363,8/13/10,3/19/06
22,286,63,6/12/12,2/14/17
23,218,928,6/24/00,12/3/20
24,86,374,6/20/12,7/9/18
25,69,74,10/26/20,5/25/22
26,243,836,6/1/16,10/24/00
27,127,117,4/10/23,3/13/02
28,238,641,3/28/23,5/13/24
29,147,27,9/15/16,5/31/09
30,185,913,1/20/22,12/14/11
31,207,982,9/11/11,1/26/10
32,29,82,3/23/10,4/1/17
33,62,715,9/3/17,4/7/12
34,15,845,10/30/10,2/1/22
35,8,33,10/7/00,5/26/14
36,121,263,9/10/11,7/14/21
37,49,980,2/21/02,3/16/05
38,143,580,6/18/01,7/18/01
39,183,637,8/1/13,11/23/20
40,202,776,5/10/16,7/2/09
41,4,597,1/29/22,7/8/19
42,268,426,1/7/01,10/13/06
43,282,983,3/4/01,10/29/02
44,122,721,9/28/20,8/9/08
45,136,700,5/21/02,2/9/09
46,293,443,10/26/00,11/28/00
47,25,357,3/8/11,9/4/06
48,164,834,7/23/08,11/5/16
49,28,452,10/26/03,9/3/24
50,181,795,5/16/05,7/5/20
51,104,300,9/2/12,12/23/02
52,126,160,4/1/09,12/1/08
53,52,372,5/19/09,4/27/00
54,13,742,5/29/02,10/29/16
55,144,330,11/11/10,4/21/19
56,71,850,12/1/02,8/14/04
57,76,851,6/18/07,3/1/11
58,271,193,8/15/07,9/25/23
59,184,592,9/7/13,3/6/11
60,182,57,2/25/06,10/24/18
61,155,129,2/8/14,3/15/10
62,20,637,5/14/00,6/3/03
63,79,20,6/22/02,7/19/00
64,95,147,8/12/19,1/15/16
65,73,547,11/6/08,11/16/22
66,203,49,7/6/06,12/7/01
67,132,922,5/4/02,11/4/07
68,112,302,4/1/04,12/15/01
69,77,725,3/17/23,12/24/16
70,131,659,12/16/12,9/20/05
71,41,100,12/14/00,10/17/01
72,165,637,2/13/20,9/23/12
73,13,203,12/6/09,4/13/18
74,96,799,7/6/10,8/5/03
75,192,429,4/17/13,3/25/22
76,280,499,11/22/23,8/17/17
77,154,494,10/30/10,10/28/16
78,273,181,12/31/03,6/11/07
79,254,814,12/17/18,9/22/06
80,4,869,4/5/17,6/25/05
81,49,226,1/5/13,5/18/14
82,111,969,6/28/12,3/23/04
83,214,648,6/21/06,10/3/22
84,32,285,6/4/14,9/22/14
85,137,839,1/13/07,12/1/06
86,150,744,5/9/11,12/9/12
87,226,965,8/15/20,3/5/08
88,192,840,7/1/22,4/28/13
89,280,961,7/29/02,9/10/16
90,58,652,11/10/14,3/4/22
91,123,231,2/7/21,5/27/19
92,106,802,12/29/10,6/11/01
93,104,283,3/1/15,10/14/17
94,19,871,12/10/21,7/18/18
95,253,147,2/15/06,8/31/08
96,29,458,3/3/03,6/23/14
97,52,949,2/14/18,5/15/15
98,84,787,3/30/09,8/19/16
99,10,361,6/22/11,2/1/13
100,272,807,11/19/09,6/11/19
101,267,811,12/5/02,10/12/04
102,55,391,9/27/00,2/18/16
103,251,208,12/16/08,9/12/20
104,89,205,7/30/13,2/13/05
105,183,72,3/28/11,4/1/03
106,252,759,8/7/11,6/5/10
107,245,134,6/30/22,2/25/02
108,247,781,5/13/06,5/22/14
109,151,820,11/30/08,10/18/21
110,62,161,5/23/02,1/3/15
111,252,840,8/11/10,11/16/10
112,260,516,3/2/13,7/20/22
113,285,944,12/16/11,1/12/20
114,271,511,6/2/10,5/7/01
115,298,923,6/6/00,9/22/14
116,173,408,11/26/22,1/6/11
117,86,960,5/22/15,12/17/04
118,3,938,7/18/13,7/7/14
119,108,103,12/26/07,3/3/10
120,218,292,12/30/02,12/10/24
121,66,633,11/23/08,1/4/06
122,43,646,12/28/18,12/25/09
123,12,610,9/3/11,8/19/17
124,231,895,2/8/01,6/25/04
125,137,47,1/10/06,8/20/15
126,259,12,6/10/04,12/12/00
127,247,680,5/24/03,12/9/08
128,252,672,8/6/12,11/13/14
129,263,557,6/17/01,5/19/16
130,73,700,4/4/11,2/25/11
131,36,219,11/27/21,3/13/15
132,111,481,1/23/06,8/27/01
133,16,542,4/7/21,5/1/17
134,184,675,3/26/13,7/7/04
135,204,310,2/24/17,2/23/10
136,30,250,9/16/16,7/1/06
137,13,245,1/13/16,10/12/09
138,191,511,5/28/04,4/4/11
139,7,576,1/9/22,2/27/07
140,222,773,12/14/18,6/2/19
141,198,419,9/4/12,6/4/03
142,15,269,7/22/08,2/5/03
143,199,406,3/6/18,12/10/12
144,40,911,6/3/02,3/2/08
145,184,26,8/1/05,10/2/10
146,252,158,3/28/16,5/27/07
147,253,933,6/24/12,1/31/06
148,44,501,2/20/02,3/21/19
149,131,966,4/8/00,5/23/03
150,268,961,11/9/16,6/29/24
151,136,698,11/23/01,12/17/01
152,287,520,6/7/03,8/1/00
153,5,505,2/27/13,8/29/14
154,149,375,12/20/03,4/15/17
155,42,307,10/29/10,9/16/23
156,51,362,7/17/06,7/1/02
157,187,297,5/7/07,7/30/02
158,112,672,11/10/03,1/22/16
159,134,133,6/19/00,11/3/21
160,153,411,3/27/00,5/23/14
161,170,531,7/24/19,4/11/10
162,141,440,8/20/17,1/8/13
163,104,972,11/21/03,1/30/11
164,60,872,8/23/07,11/25/03
165,4,245,2/6/18,4/14/17
166,112,77,6/5/20,3/20/17
167,99,780,3/10/14,11/15/07
168,18,604,4/13/15,12/14/21
169,186,38,12/28/11,4/27/04
170,271,881,8/6/15,5/9/04
171,69,144,5/27/13,4/30/05
172,52,543,6/11/24,4/24/00
173,249,927,4/15/05,9/12/13
174,263,285,9/3/02,4/9/08
175,200,558,12/13/11,6/4/18
176,137,500,5/18/24,8/11/24
177,76,169,10/30/08,10/19/16
178,238,305,3/2/19,4/28/09
179,57,49,5/28/09,6/10/05
180,177,187,7/22/11,12/7/02
181,183,540,3/2/07,3/9/07
182,116,999,3/30/19,8/24/10
183,136,203,6/2/19,11/17/20
184,176,505,12/2/15,3/30/08
185,277,762,3/13/20,6/3/01
186,203,153,7/8/18,9/23/14
187,48,890,2/8/01,7/2/14
188,58,450,12/10/02,2/1/08
189,294,917,10/22/02,3/31/18
190,106,661,7/16/21,9/4/13
191,86,812,3/16/13,4/5/21
192,213,561,6/20/22,5/24/22
193,171,310,10/15/15,5/19/17
194,7,834,10/16/23,11/15/07
195,182,89,3/20/06,1/24/11
196,145,356,5/4/09,1/30/25
197,173,170,9/5/02,4/5/05
198,107,538,11/15/17,11/19/18
199,113,306,8/6/24,10/6/05
200,84,57,10/20/01,7/26/07
201,14,418,7/20/15,4/4/08
202,189,495,5/25/00,8/19/10
203,34,991,11/13/15,11/12/13
204,295,788,7/25/20,10/10/23
205,222,653,2/10/02,3/21/00
206,161,864,8/25/23,3/29/12
207,106,892,3/12/16,10/27/16
208,2,140,6/8/11,11/12/23
209,246,316,11/28/14,8/20/18
210,282,910,9/14/13,6/21/00
211,37,874,12/19/04,7/16/09
212,75,974,1/1/24,6/15/09
213,183,710,11/2/03,4/18/15
214,119,542,5/29/15,10/11/10
215,62,11,12/5/23,5/28/07
216,281,569,8/31/06,8/27/04
217,236,3,10/3/05,10/25/13
218,266,617,1/19/13,9/12/15
219,277,58,9/25/12,1/15/02
220,176,32,1/13/06,10/16/15
221,270,742,6/29/21,2/9/06
222,156,402,6/29/05,3/7/00
223,75,368,9/26/19,8/27/12
224,139,542,10/26/18,4/17/02
225,147,677,9/21/09,2/16/04
226,289,930,12/19/06,1/7/22
227,108,257,9/20/13,8/11/21
228,170,315,1/27/04,11/3/18
229,11,409,6/24/16,12/17/05
230,237,928,4/16/12,8/30/06
231,283,987,9/19/22,1/23/17
232,222,645,6/26/10,3/7/14
233,142,564,6/15/02,10/6/24
234,257,342,5/4/04,8/24/08
235,293,101,10/6/11,1/11/02
236,76,571,8/30/10,11/2/03
237,97,395,6/23/04,5/24/13
238,215,615,5/16/22,11/29/18
239,275,465,11/25/02,3/16/18
240,63,709,1/29/23,2/11/03
241,147,455,2/1/09,3/30/14
242,288,660,11/28/05,9/27/08
243,35,298,6/13/02,11/28/03
244,156,888,3/9/20,1/2/15
245,204,56,8/9/10,5/22/24
246,140,308,1/5/17,1/22/06
247,220,758,3/26/22,3/17/06
248,19,266,10/6/04,1/28/20
249,57,84,6/23/11,9/20/09
250,166,581,3/13/03,8/15/24
251,58,165,9/3/15,10/12/13
252,200,47,4/16/20,7/6/14
253,170,65,5/26/01,9/16/16
254,268,545,7/26/00,10/21/13
255,42,776,1/13/10,5/21/21
256,197,41,3/12/08,10/14/12
257,205,228,5/6/23,10/21/00
258,1,728,12/24/03,12/10/17
259,130,522,7/9/10,12/29/04
260,279,123,9/10/00,11/6/13
261,128,318,10/21/06,4/11/24
262,107,531,1/26/03,5/22/09
263,101,23,3/28/23,6/7/01
264,191,674,7/20/00,3/2/20
265,210,389,6/2/07,12/3/11
266,90,555,2/3/16,6/11/13
267,45,6,3/29/10,1/11/25
268,149,205,2/23/20,12/15/17
269,95,594,6/14/16,3/24/09
270,168,603,11/22/14,2/18/08
271,109,554,9/25/00,9/25/22
272,263,910,2/8/04,7/15/23
273,41,324,5/16/14,2/4/24
274,181,988,4/5/24,5/17/21
275,296,404,6/26/18,8/8/20
276,57,836,9/16/00,7/5/02
277,112,453,3/16/05,4/2/19
278,37,215,6/5/14,12/21/24
279,6,12,6/16/08,3/21/01
280,90,452,1/15/25,6/24/02
281,72,764,9/16/05,1/9/17
282,86,972,5/8/09,7/23/24
283,231,156,11/28/18,2/21/20
284,125,780,3/18/12,9/19/23
285,208,595,6/29/19,10/21/21
286,124,43,6/4/01,9/15/15
287,23,664,10/21/14,4/29/11
288,182,790,8/26/00,8/17/09
289,94,39,10/25/22,9/14/10
290,12,518,1/10/25,7/27/09
291,113,478,6/22/06,2/22/21
292,129,507,7/4/24,9/18/18
293,298,163,5/21/08,1/6/19
294,214,382,2/25/18,8/13/12
295,79,710,7/29/04,12/15/15
296,89,332,1/26/25,4/24/20
297,80,58,1/9/09,1/25/07
298,83,106,1/14/13,11/3/24
299,200,274,8/1/07,7/1/13
300,274,576,7/25/03,4/10/14